,Supplier_Lead_Time,Inventory_Levels,Order_Frequency,Delivery_Performance,Cost_Per_Unit
Supplier_Lead_Time,1,0.4708811736,-0.8957459501,-0.9149547902,0.962445236
Inventory_Levels,0.4708811736,1,-0.5184037578,-0.4032712749,0.4595272333
Order_Frequency,-0.8957459501,-0.5184037578,1,0.8035985084,-0.8554914829
Delivery_Performance,-0.9149547902,-0.4032712749,0.8035985084,1,-0.9289457966
Cost_Per_Unit,0.962445236,0.4595272333,-0.8554914829,-0.9289457966,1
